,A,C,D,E,F,G,H,I,K,L,M,N,P,Q,R,S,T,V,W,Y
A,0.819,0.055,0.285,0.362,0.242,0.375,0.232,0.236,0.386,0.411,0.137,0.142,0.171,0.195,0.225,0.273,0.297,0.376,0.044,0.121
C,,0.063,0.085,0.07,0.024,0.009,0.043,0.019,0.083,0.035,0.017,0.028,0.013,0.045,0.051,0.024,0.02,0.034,0.015,0.028
D,,,0.464,0.367,0.186,0.156,0.09,0.187,0.301,0.321,0.081,0.139,0.116,0.182,0.142,0.173,0.121,0.233,0.05,0.104
E,,,,0.997,0.407,0.328,0.179,0.319,0.505,0.446,0.179,0.26,0.258,0.311,0.279,0.325,0.25,0.355,0.097,0.19
F,,,,,0.644,0.208,0.067,0.185,0.196,0.354,0.07,0.063,0.086,0.078,0.12,0.11,0.082,0.18,0.051,0.175
G,,,,,,0.756,0.189,0.249,0.288,0.359,0.125,0.215,0.16,0.152,0.19,0.223,0.157,0.214,0.033,0.091
H,,,,,,,0.515,0.062,0.093,0.102,0.057,0.099,0.067,0.11,0.052,0.1,0.08,0.062,0.003,0.055
I,,,,,,,,0.406,0.289,0.434,0.154,0.094,0.053,0.143,0.13,0.083,0.167,0.256,0.027,0.134
K,,,,,,,,,1.113,0.547,0.113,0.226,0.184,0.315,0.276,0.166,0.21,0.356,0.068,0.177
L,,,,,,,,,,1.877,0.374,0.211,0.166,0.319,0.287,0.356,0.398,0.751,0.091,0.304
M,,,,,,,,,,,0.252,0.08,0.043,0.065,0.109,0.102,0.167,0.181,0.024,0.069
N,,,,,,,,,,,,0.212,0.036,0.086,0.096,0.099,0.121,0.175,0.016,0.055
P,,,,,,,,,,,,,0.371,0.133,0.102,0.121,0.077,0.063,0.007,0.043
Q,,,,,,,,,,,,,,0.347,0.103,0.074,0.138,0.157,0.024,0.092
R,,,,,,,,,,,,,,,0.311,0.132,0.13,0.227,0.059,0.092
S,,,,,,,,,,,,,,,,0.52,0.294,0.259,0.045,0.07
T,,,,,,,,,,,,,,,,,0.467,0.203,0.061,0.114
V,,,,,,,,,,,,,,,,,,0.74,0.04,0.208
W,,,,,,,,,,,,,,,,,,,0.192,0.048
Y,,,,,,,,,,,,,,,,,,,,0.157
